rubrik;kategori;kategori_detaljerad;ort;lat;long;url;bildurl;datum
På Gellinergården gör personalen sitt eget schema;arbetstid;schema;Bräcke;62.9667;15.5833;https://ka.se/2022/01/18/pa-nya-gellinergarden-gor-personalen-sitt-eget-schema/;https://media.arto.se/app/uploads/sites/10/2022/01/dragare4.jpg?auto=format&crop=faces&facepad=10&fit=crop&q=50&w=2000&h=1125;2022-01-18
Här testar personal i sjukvården 30 timmars arbetsvecka;arbetstid;arbetstid;Värmland;60.5225731295816;12.8339346028978;https://ka.se/2022/01/31/har-testa-personal-i-sjukvarden-30-timmars-arbetsvecka/;https://images.lomediehus.se/app/uploads/sites/5/2022/01/30211802/karlstad-psyk.jpg?auto=format&crop=faces&facepad=10&fit=crop&q=50&w=300;2022-01-31
Nattarbetare vann kampen om tiotimmarspass;arbetstid;arbetstid;Oskarshamn;57.2651;16.4487;https://ka.se/2022/02/04/nattarbetare-i-oskarshamn-vann-kampen-om-tiotimmarspass/;https://images.lomediehus.se/app/uploads/sites/5/2022/02/04114538/firaoskarsahamn.jpg?auto=format&crop=faces&facepad=10&fit=crop&q=50&w=300;2022-02-04
Facklig kamp gav färre nattpass;arbetstid;arbetstid;Falkenberg;56.9025;12.4897;https://ka.se/2022/02/07/facklig-kamp-gav-farre-nattpass-i-falkenerg/;https://images.lomediehus.se/app/uploads/sites/5/2022/02/06214404/falkenberg.jpg?auto=format&crop=faces&facepad=10&fit=crop&q=50&w=300;2022-02-07
Halverad sjukfrånvaro på hemtjänsten – så här gjorde de;arbetsvillkor;arbetsvillkor;Uppsala;59.8586;17.6389;https://ka.se/2022/02/16/halverad-sjukfranvaro-pa-hemtjanst-i-uppsala-sa-har-gjorde-de/;https://images.lomediehus.se/app/uploads/sites/5/2022/02/11155903/svartbackens-hemsjukvard-14ny.jpg?auto=format&crop=faces&facepad=10&fit=crop&q=50&w=300;2022-02-16
Undersköterskor i sjukvården får sänkt nattarbetstid;arbetstid;arbetstid;Halland;56.8084690925926;12.6962049310851;https://ka.se/2022/02/22/underskoterskor-i-sjukvarden-i-halland-far-sankt-nattarbetstid/;https://images.lomediehus.se/app/uploads/sites/5/2022/02/22112136/tarta-halland-1.jpg?auto=format&crop=faces&facepad=10&fit=crop&q=50&w=300;2022-02-22
Facket vann kampen om nattarbetstid;arbetstid;arbetstid;Mönsterås;57.0092;16.4478;https://ka.se/2022/03/01/facket-i-monsteras-vann-kampen-om-nattarbetstid/;https://images.lomediehus.se/app/uploads/sites/5/2022/03/01114442/vykort.jpg?auto=format&crop=faces&facepad=10&fit=crop&q=50&w=300;2022-03-01
Efter protester – nattpassen blir färre i Varberg och Umeå;arbetstid;arbetstid;Varberg;57.1071;12.2521;https://ka.se/2022/04/05/efter-protester-nattpassen-bli-farre-i-varberg-och-umea/;https://images.lomediehus.se/app/uploads/sites/5/2021/03/29154133/shutterstock-1448610095.jpg?auto=format&crop=faces&facepad=10&fit=crop&q=50&w=300;2022-04-05
Efter protester – nattpassen blir färre i Varberg och Umeå;arbetstid;arbetstid;Umeå;63.8258;20.263;https://ka.se/2022/04/05/efter-protester-nattpassen-bli-farre-i-varberg-och-umea/;https://images.lomediehus.se/app/uploads/sites/5/2021/03/29154133/shutterstock-1448610095.jpg?auto=format&crop=faces&facepad=10&fit=crop&q=50&w=300;2022-04-05
Stödassistenter får gratis badkläder;arbetskläder;arbetskläder;Alvesta;56.8986;14.5559;https://ka.se/2022/04/14/stodassistenter-i-alvesta-far-gratis-badklader/;https://images.lomediehus.se/app/uploads/sites/5/2022/04/13162136/badklader-avesta.jpg?auto=format&crop=faces&facepad=10&fit=crop&q=50&w=300;2022-04-14
26 timmar blir heltid när helgtjänster införs;arbetstid;arbetstid;Laholm;56.5013;13.0453;https://ka.se/2022/05/13/laholm-infor-helgtjanster-och-kortar-heltidsmatt-till-26-timmar/;https://images.lomediehus.se/app/uploads/sites/5/2022/05/13105626/kalendermedhelgpass.jpg?auto=format&crop=faces&facepad=10&fit=crop&q=50&w=300;2022-05-13
Slutar med minutstyrning i hemtjänsten;minutstyrning;minutstyrning;Bollebygd;57.7208;12.5897;https://ka.se/2022/05/18/har-lamnar-man-minutstyrningen-i-hemtjansten/;https://images.lomediehus.se/app/uploads/sites/5/2022/05/18133103/slutpatidmatning.jpg?auto=format&crop=faces&facepad=10&fit=crop&q=50&w=300;2022-05-18
Backar och tar bort nattpass;arbetstid;arbetstid;Strömsund;63.8513;15.5446;https://ka.se/2022/05/19/stromsund-backar-och-tar-bort-nattpass/;https://images.lomediehus.se/app/uploads/sites/5/2022/05/19132541/stromsund001.jpg?auto=format&crop=faces&facepad=10&fit=crop&q=50&w=300;2022-05-19
Deltidsarbete för undersköterskor ska ge heltidslön;arbetstid;arbetstid;Mörbylånga;56.6102;16.3502;https://ka.se/2022/06/01/i-morbylanga-ska-deltidsarbete-for-underskoterskor-ge-heltidslon/;https://images.lomediehus.se/app/uploads/sites/5/2022/05/31142932/olandny.jpg?auto=format&crop=faces&facepad=10&fit=crop&q=50&w=300;2022-06-01
Efter protesterna – bussförare får gratis resor;arbetsvillkor;arbetsvillkor;Uppsala;59.8586;18;https://ka.se/2022/06/20/efter-protesterna-bussforare-i-uppsala-far-gratis-resor/;https://images.lomediehus.se/app/uploads/sites/5/2022/06/20141842/bussuppsala.jpg?auto=format&crop=faces&facepad=10&fit=crop&q=50&w=300;2022-06-20
Så lyckades Kommunal driva igenom gratis arbetsskor;arbetskläder;arbetsskor;Kumla;59.126;15.1464;https://ka.se/2022/06/21/sa-lyckades-kommunal-driva-igenom-gratis-arbetsskor-i-kumla/;https://images.lomediehus.se/app/uploads/sites/5/2022/06/20100732/arbetsskorkumla.jpg?auto=format&crop=faces&facepad=10&fit=crop&q=50&w=300;2022-06-21
Ambulanssjukvårdare får sänkt arbetstid;arbetstid;arbetstid;Halland;56.8664792235328;13.1601241240608;https://ka.se/2022/06/29/ambulanssjukvardare-i-region-halland-far-sankt-arbetstid/;https://images.lomediehus.se/app/uploads/sites/5/2022/06/29170150/shutterstock-762783718.jpg?auto=format&crop=faces&facepad=10&fit=crop&q=50&w=300;2022-06-29
Höjer grundbemanningen med 45 undersköterskor;arbetsvillkor;arbetsvillkor;Kalmar;56.6635;16.3568;https://ka.se/2022/06/30/kalmar-hojer-grundbemanningen-med-45-underskoterskor/;https://images.lomediehus.se/app/uploads/sites/5/2022/06/29153034/joachim-grusell-1284.jpg?auto=format&crop=faces&facepad=10&fit=crop&q=50&w=300;2022-06-30
Här får kockar utbildning på arbetstid;utbildning;utbildning;Akalla;59.4208;17.9291;https://ka.se/2022/09/16/har-far-kockar-utbildning-pa-arbetstid/;https://images.lomediehus.se/app/uploads/sites/5/2022/09/15140846/kistakockar-9947.jpg?auto=format&crop=faces&facepad=10&fit=crop&q=50&w=300;2022-09-16
Här testas helgtjänster med kortare arbetstid och full lön;arbetstid;arbetstid;Lekeberg;59.25;14.9333;https://ka.se/2022/09/28/lekeberg-testar-helgtjanster-med-kortare-arbetstid-och-full-lon/;https://images.lomediehus.se/app/uploads/sites/5/2022/09/27154514/jobbvarjehelg.jpg?auto=format&crop=faces&facepad=10&fit=crop&q=50&w=300;2022-09-28
Barngrupperna blir mindre och bemanningen ökar ;arbetsvillkor;arbetsvillkor;Lidköping;58.5059;13.1579;https://ka.se/2022/10/10/lidkoping-minskar-barngrupper-i-forskolan-och-okar-bemanningen/;https://images.lomediehus.se/app/uploads/sites/5/2022/10/10103415/webbstarteng-foto-4ke0884.jpg?auto=format&crop=faces&facepad=10&fit=crop&q=50&w=300;2022-10-10
Halmstad ändrar hälsoscheman men resurspass blir kvar;arbetstid;schema;Halmstad;56.6745;12.8568;https://ka.se/2022/10/20/halmstad-andrar-halsoscheman-men-resurspass-blir-kvar/;https://images.lomediehus.se/app/uploads/sites/5/2022/10/19154435/annielarsson.jpg?auto=format&crop=faces&facepad=10&fit=crop&q=50&w=300;2022-10-20
Skyddsombudet löste krisen på jobbet;arbetsvillkor;arbetsvillkor;Stockholm;59.3293;18.0686;https://ka.se/2022/10/26/skyddsombudet-klara-himmelmark-loste-krisen-pa-jobbet/;https://images.lomediehus.se/app/uploads/sites/5/2022/10/25105920/cara-38816.jpg?auto=format&crop=faces&facepad=10&fit=crop&q=50&w=300;2022-10-26
Hemtjänsten får pauser på schemat;arbetstid;schema;Härnösand;62.6323;17.9377;https://ka.se/2022/10/28/hemtjanst-i-harnosand-far-pauser-pa-schemat/;https://images.lomediehus.se/app/uploads/sites/5/2022/10/27153222/ka-toalettpaushemtjanst-ub.jpg?auto=format&crop=faces&facepad=10&fit=crop&q=50&w=300;2022-10-28
Från stress till arbetsglädje – så lyckades hemtjänsten i Ludvika;arbetsvillkor;arbetsvillkor;Ludvika;60.1498;15.1878;https://ka.se/2022/11/10/fran-stress-till-arbetsgladje-sa-lyckades-hemtjansten-i-ludvika/;https://images.lomediehus.se/app/uploads/sites/5/2022/11/10091709/ankimollberg-ludvika.jpg?auto=format&crop=faces&facepad=10&fit=crop&q=50&w=300;2022-11-10
Hälsoscheman slopas i Region Stockholms psykiatri;arbetstid;schema;Stockholm;59.3293;18.0686;https://ka.se/2022/11/25/halsoscheman-slopas-i-region-stockholms-psykiatri-efter-larm-fran-kommunal/;https://images.lomediehus.se/app/uploads/sites/5/2022/11/24153621/robertjohansson-halsoscheman-1.jpg?auto=format&crop=faces&facepad=10&fit=crop&q=50&w=300;2022-11-25
26 timmars jobb – undersköterskan Carin är nöjd med sin heltid;arbetstid;arbetstid;Laholm;56.5013;13.0453;https://ka.se/2022/11/29/26-timmars-jobb-underskoterskan-carin-i-laholm-ar-nojd-med-sin-heltid/;https://images.lomediehus.se/app/uploads/sites/5/2022/11/28115906/carin-orthagen.jpg?auto=format&crop=faces&facepad=10&fit=crop&q=50&w=300;2022-11-29
Mindre stress när hemtjänsten lägger schema själva;arbetstid;schema;Mörbylånga;56.6102;16.3502;https://ka.se/2022/12/19/mindre-stress-nar-hemtjansten-i-morbylanga-far-lagga-scheman-sjalva/;https://images.lomediehus.se/app/uploads/sites/5/2022/12/16114041/joachim-grusell-3160ny.jpg?auto=format&crop=faces&facepad=10&fit=crop&q=50&w=300;2022-12-19
Barnskötare får arbetskläder inomhus;arbetskläder;arbetskläder;Falun;60.6057;15.643;https://ka.se/2022/12/20/barnskotare-i-falun-far-arbetsklader-inomhus/;https://images.lomediehus.se/app/uploads/sites/5/2022/12/19161911/asa-hedlund-kopiera.jpg?auto=format&crop=faces&facepad=10&fit=crop&q=50&w=300;2022-12-20
Personal i förskola och skola får arbetskläder;arbetskläder;arbetskläder;Sjöbo;55.5833;13.7333;https://ka.se/2023/01/17/personal-i-forskola-och-skola-i-sjobo-far-arbetsklader/;https://media.arto.se/app/uploads/sites/10/2023/01/ka-forskolasjoboarbetsklader-ub.jpg?auto=format&crop=faces&facepad=10&fit=crop&q=50&w=1800&h=1012;2023-01-17
Serviceteam i äldreomsorgen blir allt vanligare för att lösa personalkrisen;arbetsvillkor;arbetsvillkor;Grums;59.3942;13.1749;https://ka.se/2023/01/27/serviceteam-i-aldreomsorgen-blir-allt-vanligare-for-att-losa-personalkrisen/;https://media.arto.se/app/uploads/sites/10/2023/01/20230124-ka-grums-8310.jpg?auto=format&crop=faces&facepad=10&fit=crop&q=50&w=1800&h=1012;2023-01-27
Färre brukare minskade stressen;arbetsvillkor;arbetsvillkor;Trollhättan;58.2839;12.2883;https://ka.se/2023/02/07/mindre-stress-nar-anstallda-i-hemtjansten-i-trollhattan-gar-till-farre-brukare/;https://media.arto.se/app/uploads/sites/10/2023/02/trollhattan-1.jpg?auto=format&crop=faces&facepad=10&fit=crop&q=50&w=1800&h=1012;2023-02-07
De jobbar 85 procent med full lön;arbetstid;arbetstid;Borgholm;56.8787;16.6584;https://ka.se/2023/02/07/kortare-arbetstid-med-heltidslon-for-underskoterskor-i-borgholm/;https://media.arto.se/app/uploads/sites/10/2023/02/borgholm-arbetstid.jpg?auto=format&crop=faces&facepad=10&fit=crop&q=50&w=1780&h=1095;2023-02-07
Striden vanns: nu får de kissa;arbetsvillkor;arbetsvillkor;Märsta;59.617;17.8556;https://ka.se/2023/02/10/kommunal-vann-strid-om-kisspauser-for-bussforare/;https://media.arto.se/app/uploads/sites/10/2023/02/toapauser.jpg?auto=format&crop=faces&facepad=10&fit=crop&q=50&w=1800&h=1012;2023-02-10
Här minskar minutstyrningen;minutstyrning;minutstyrning;Falkenberg;56.9025;12.4897;https://ka.se/2023/02/16/minutstyrningen-i-falkenbergs-hemtjanst-ska-minska/;https://media.arto.se/app/uploads/sites/10/2023/02/rottkryss-klocka.jpg?auto=format&crop=faces&facepad=10&fit=crop&q=50&w=1800&h=1012;2023-02-16
Succé när personalen fick lägga schemat själva;arbetstid;schema;Junosuando;67.4292;22.507;https://ka.se/2023/02/17/i-junosuando-kan-personalen-lagga-schemat-utifran-sina-egna-behov/;https://media.arto.se/app/uploads/sites/10/2023/02/webbstart-junosuando.jpg?auto=format&crop=faces&facepad=10&fit=crop&q=50&w=2000&h=1125;2023-02-17
Efter påtryckningar kan minutstyrningen försvinna;minutstyrning;minutstyrning;Malmö;55.6044;13.0038;https://ka.se/2023/03/03/slopad-minutstyrning-kan-bli-verklighet-i-hemtjansten-i-malmo/;https://media.arto.se/app/uploads/sites/10/2023/03/ka-minutstyrningmalmo-ub.jpg?auto=format&crop=faces&facepad=10&fit=crop&q=50&w=1800&h=1012;2023-03-03
Nytt schema blev vändningen för Maria;arbetstid;schema;Arbrå;61.7;16.8333;https://ka.se/2023/03/09/nytt-schema-gor-livet-enklare-for-ensamstaende-underskoterskan-maria-jacobsson/;https://media.arto.se/app/uploads/sites/10/2023/03/maria-jacobsson.jpeg?auto=format&crop=faces&facepad=10&fit=crop&q=50&w=1800&h=1012;2023-03-09
Simon blev hjälte när han satte stopp för våldsam arbetsmiljö;arbetsvillkor;arbetsvillkor;Malmö;55.6044;12.7;https://ka.se/2023/03/15/simon-stoppade-valdsam-arbetsmiljo-hyllas-som-facklig-hjalte/;https://media.arto.se/app/uploads/sites/10/2023/03/facklighjalte.jpg?auto=format&crop=faces&facepad=10&fit=crop&q=50&w=1800&h=1012;2023-03-15
Fast matsedel minskade stressen;arbetsvillkor;arbetsvillkor;Jönköping;57.7826;14.1616;https://ka.se/2023/03/20/skolkockens-knep-for-att-hinna-med-sarskild-kost-i-skolan/;https://media.arto.se/app/uploads/sites/10/2023/03/sdlgtpvaz-meuy-normalhires.jpg?auto=format&crop=faces&facepad=10&fit=crop&q=50&w=1800&h=1012;2023-03-20
Önskescheman blir kvar trots skärpta viloregler;dygnsvila;dygnsvila;Junosuando;67.5292;22.507;https://ka.se/2023/03/21/nya-regler-for-dygnsvila-paverkar-inte-junosuandos-onskescheman/;https://media.arto.se/app/uploads/sites/10/2023/02/webb-cara-45873.jpg?auto=format&crop=faces&facepad=10&fit=crop&q=50&w=1800&h=1012;2023-03-21
Fler slopar minutstyrningen;minutstyrning;minutstyrning;Kungsbacka;57.487;12.0734;https://ka.se/2023/03/30/i-kungsbacka-och-karlstad-forsvinner-minutstyrningen-i-hemtjansten/;https://media.arto.se/app/uploads/sites/10/2023/03/kryssat-stoppur.jpg?auto=format&crop=faces&facepad=10&fit=crop&q=50&w=1800&h=1012;2023-03-30
Fler slopar minutstyrningen;minutstyrning;minutstyrning;Karlstad;59.3798;13.5047;https://ka.se/2023/03/30/i-kungsbacka-och-karlstad-forsvinner-minutstyrningen-i-hemtjansten/;https://media.arto.se/app/uploads/sites/10/2023/03/kryssat-stoppur.jpg?auto=format&crop=faces&facepad=10&fit=crop&q=50&w=1800&h=1012;2023-03-30
Här får de 400 för yrkesbevis;utbildning;yrkesbevis;Västmanland;59.7764662916021;15.9114396289313;https://ka.se/2023/04/24/skyddad-yrkestitel-ger-400-kronor-i-lonepaslag-i-region-vastmanland/;https://media.arto.se/app/uploads/sites/10/2023/04/400extraforskyddadyrkestitel.jpg?auto=format&crop=faces&facepad=10&fit=crop&q=50&w=1800&h=1012;2023-04-24
Protesterade i kjol – fick ha shorts;arbetskläder;arbetskläder;Jönköping;57.7826;14.1616;https://ka.se/2023/05/02/bussforare-i-region-jonkoping-far-jobba-i-shorts/;https://media.arto.se/app/uploads/sites/10/2023/04/shorts-jonkoping.jpg?auto=format&crop=faces&facepad=10&fit=crop&q=50&w=1800&h=1012;2023-05-02
De pressade politikerna till högre lön;lön;lön;Västra Götaland;57.9766213868782;13.2327629085273;https://ka.se/2023/05/17/patryckning-pa-politiker-gav-hogre-lon-for-underskoterskor-i-regioner/;https://media.arto.se/app/uploads/sites/10/2023/05/66a8090.jpg?auto=format&crop=faces&facepad=10&fit=crop&q=50&w=1800&h=1012;2023-05-17
Här jobbar de 27 timmar med full lön;arbetstid;arbetstid;Sävsjö;57.406;14.661;https://ka.se/2023/06/01/fler-kommuner-infor-helgtjanst-med-full-lon/;https://media.arto.se/app/uploads/sites/10/2023/05/sh252011095.jpg?auto=format&crop=faces&facepad=10&fit=crop&q=50&w=1800&h=1012;2023-06-01
Här får bussförarna gratis mensskydd;arbetsvillkor;arbetsvillkor;Luleå;65.5848;22.1567;https://ka.se/2023/06/13/bussforare-i-lulea-far-gratis-mensskydd/;https://media.arto.se/app/uploads/sites/10/2023/06/sdl0xcj8n3obx4.jpg?auto=format&crop=faces&facepad=10&fit=crop&q=50&w=1800&h=1012;2023-06-13
Carola satte stopp för fasta semesterperioder;arbetsvillkor;arbetsvillkor;Malung;60.6843;13.7029;https://ka.se/2023/06/15/kommunen-ville-infora-fler-semesterperioder-da-satte-underskoterskan-carola-stopp/;https://media.arto.se/app/uploads/sites/10/2023/06/semester-familj.jpg?auto=format&crop=faces&facepad=10&fit=crop&q=50&w=1800&h=1012;2023-06-15
Carola satte stopp för fasta semesterperioder;arbetsvillkor;arbetsvillkor;Sälen;61.1427;13.2295;https://ka.se/2023/06/15/kommunen-ville-infora-fler-semesterperioder-da-satte-underskoterskan-carola-stopp/;https://media.arto.se/app/uploads/sites/10/2023/06/semester-familj.jpg?auto=format&crop=faces&facepad=10&fit=crop&q=50&w=1800&h=1012;2023-06-15
Carola satte stopp för fasta semesterperioder;arbetsvillkor;arbetsvillkor;Lessebo;56.7749;15.453;https://ka.se/2023/06/15/kommunen-ville-infora-fler-semesterperioder-da-satte-underskoterskan-carola-stopp/;https://media.arto.se/app/uploads/sites/10/2023/06/semester-familj.jpg?auto=format&crop=faces&facepad=10&fit=crop&q=50&w=1800&h=1012;2023-06-15
Här läggs fem miljoner för bättre lön till uskorna;lön;lön;Västervik;57.7532;16.6368;https://ka.se/2023/06/26/underskoterskor-i-vastervik-lovas-fem-miljoner-extra-i-loneokning/;https://media.arto.se/app/uploads/sites/10/2023/06/femmiljoner-vastervik.jpg?auto=format&crop=faces&facepad=10&fit=crop&q=50&w=1800&h=1012;2023-06-26
Här höjs ob:et med 100 procent;lön;ob;Norrbotten;65.9572697078113;19.3012237387841;https://ka.se/2023/07/06/dubbelt-ob-i-norrbotten-ger-barnskoterskan-annika-5-000-kronor-mer-per-manad/;https://media.arto.se/app/uploads/sites/10/2023/07/ob-norrbotten-annika.jpg?auto=format&crop=faces&facepad=10&fit=crop&q=50&w=1800&h=1012;2023-07-06
Här får man gratis arbetsskor;arbetskläder;arbetsskor;Halland;56.9634341255738;12.8184517119716;https://ka.se/2023/07/11/underskoterskor-i-halland-far-gratis-arbetsskor/;https://media.arto.se/app/uploads/sites/10/2023/07/arbetsskor-regionhalland.jpg?auto=format&crop=faces&facepad=10&fit=crop&q=50&w=1800&h=1012;2023-07-11
Yrkesbevis ger högre lön;lön;lön;Upplands-Bro;59.5217;17.6491;https://ka.se/2023/07/14/i-upplands-bro-ger-skyddad-yrkestitel-extra-betalt/;https://media.arto.se/app/uploads/sites/10/2022/03/handpaskuldra.jpg?auto=format&crop=faces&facepad=10&fit=crop&q=50&w=1800&h=1012;2023-07-14
Yrkesbeviset ger fler fasta jobb;arbetsvillkor;arbetsvillkor;Malmö;55.6044;13.0038;https://ka.se/2023/08/30/krav-pa-yrkesbevis-for-underskoterskor-har-gett-fler-fasta-jobb/;https://media.arto.se/app/uploads/sites/10/2023/08/monicasmidje-anstallningsavtal.jpg?auto=format&crop=faces&facepad=10&fit=crop&q=50&w=1800&h=1012;2023-08-30
Marie såg till att alla fick arbetsskor;arbetskläder;arbetsskor;Västerås;59.6098;16.5448;https://ka.se/2023/09/18/vard-och-omsorgspersonal-i-vasteras-far-arbetsskor-tack-vare-marie/;https://media.arto.se/app/uploads/sites/10/2023/09/mariewiberg-arbetsskor.jpg?auto=format&crop=faces&facepad=10&fit=crop&q=50&w=1800&h=1012;2023-09-18
Barnskötaren som fick kommunen att anställa fler;arbetsvillkor;arbetsvillkor;Falun;60.6057;15.643;https://ka.se/2023/09/20/fler-anstalls-i-forskolor-i-falun-efter-barnskotaren-asas-patryckningar/;https://media.arto.se/app/uploads/sites/10/2023/09/sh1347920516.jpg?auto=format&crop=faces&facepad=10&fit=crop&q=50&w=1800&h=1012;2023-09-20
Här får de bestämma hur mycket de vill jobba helg;arbetstid;schema;Karlskoga;59.3306;14.5238;https://ka.se/2023/09/22/forsok-i-karlskoga-har-far-alla-onska-hur-ofta-de-ska-jobba-helg/;https://media.arto.se/app/uploads/sites/10/2023/09/linn39195.jpg?auto=format&crop=faces&facepad=10&fit=crop&q=50&w=1800&h=1012;2023-09-22
Tuffare schemakrav gav fasta jobb;dygnsvila;dygnsvila;Falköping;58.1733;13.5526;https://ka.se/2023/09/26/tuffare-krav-pa-dygnsvila-i-schemat-ger-ett-20-tal-nya-jobb-for-underskoterskor-i-falkoping/;https://media.arto.se/app/uploads/sites/10/2023/09/emelie-falkoping-022.jpg?auto=format&crop=faces&facepad=10&fit=crop&q=50&w=1800&h=1012;2023-09-26
Bosse jobbar 80 procent och får betalt för 90;arbetstid;arbetstid;Avesta;60.1451;16.1756;https://ka.se/2023/10/02/i-avesta-far-personliga-assistenten-bosse-och-andra-kommunalare-kortad-arbetstid/;https://media.arto.se/app/uploads/sites/10/2023/09/bossefrank-pingis.jpg?auto=format&crop=faces&facepad=10&fit=crop&q=50&w=1800&h=1012;2023-10-02
Elin startar kurs för att fixa språkproblemen;arbetsvillkor;språkproblem;Älmhult;56.5479;14.1324;https://ka.se/2023/10/04/underskoterskan-ellinor-trottnade-pa-sprakproblem-i-aldreomsorgen-startar-egen-utbildning/;https://media.arto.se/app/uploads/sites/10/2023/11/arbetsskor1.jpg?auto=format&crop=faces&facepad=10&fit=crop&q=50&w=1800&h=1012;2023-10-04
Hon fixade högre löner till sig själv och kollegorna;lön;lön;Borås;57.721;12.9393;https://arbetet.se/2023/10/09/nadja-gjorde-egen-loneenkat-och-hojde-sin-och-andras-lon/;https://media.arto.se/app/uploads/sites/10/2023/10/to-obduktionstekniker-04.jpg?auto=format&crop=faces&facepad=10&fit=crop&q=50&w=1800&h=1012;2023-10-09
Önskeschema kvar trots nya dygnsvileregler;dygnsvila;dygnsvila;Arvidsjaur;65.5902;19.2763;https://ka.se/2023/10/12/hemtjansten-i-arvidsjaur-behaller-onskeschema-trots-skarpta-regler-om-dygnsvila/;https://media.arto.se/app/uploads/sites/10/2023/10/hemtjanst.png?auto=format&crop=faces&facepad=10&fit=crop&q=50&w=1800&h=1012;2023-10-12
Efter protester får de bättre bilar;arbetsvillkor;arbetsvillkor;Eksjö;57.5259;14.3732;https://ka.se/2023/11/10/hemtjanstpersonalen-i-eksjo-vann-kampen-nu-far-de-fyrhjulsdrivna-bilar/;https://media.arto.se/app/uploads/sites/10/2023/11/eksjo-volvo.jpg?auto=format&crop=faces&facepad=10&fit=crop&q=50&w=1800&h=1012;2023-11-10
Fler kommunalare får arbetsskor;arbetskläder;arbetsskor;Karlstad;59.3798;13.5047;https://ka.se/2023/11/15/fler-kommuner-ger-anstallda-arbetsskor/;https://media.arto.se/app/uploads/sites/10/2023/06/semester-familj.jpg?auto=format&crop=faces&facepad=10&fit=crop&q=50&w=1800&h=1012;2023-11-15
Fler kommunalare får arbetsskor;arbetskläder;arbetsskor;Solna;59.45;18.0013;https://ka.se/2023/11/15/fler-kommuner-ger-anstallda-arbetsskor/;https://media.arto.se/app/uploads/sites/10/2023/06/semester-familj.jpg?auto=format&crop=faces&facepad=10&fit=crop&q=50&w=1800&h=1012;2023-11-15
Fler kommunalare får arbetsskor;arbetskläder;arbetsskor;Sundbyberg;59.361;17.7;https://ka.se/2023/11/15/fler-kommuner-ger-anstallda-arbetsskor/;https://media.arto.se/app/uploads/sites/10/2023/06/semester-familj.jpg?auto=format&crop=faces&facepad=10&fit=crop&q=50&w=1800&h=1012;2023-11-15
Fler kommunalare får arbetsskor;arbetskläder;arbetsskor;Ragunda;63.3182;15.17;https://ka.se/2023/11/15/fler-kommuner-ger-anstallda-arbetsskor/;https://media.arto.se/app/uploads/sites/10/2023/06/semester-familj.jpg?auto=format&crop=faces&facepad=10&fit=crop&q=50&w=1800&h=1012;2023-11-15
Mindre stress när de slipper minutstyrning;minutstyrning;minutstyrning;Karlstad;59.3798;13.5047;https://ka.se/2023/11/17/mindre-stress-och-mer-ansvar-nar-hemtjanstpersonal-slipper-minutstyrning/;https://media.arto.se/app/uploads/sites/10/2023/11/231116-hemtjanst-04.jpg?auto=format&crop=faces&facepad=10&fit=crop&q=50&w=1800&h=1012;2023-11-17
Kommunen vill minska sjukfrånvaron – då får undersköterskan Sofie kortad arbetstid;arbetstid;arbetstid;Sala;59.9203;16.6099;https://ka.se/2023/11/27/kommunen-vill-minska-sjukfranvaron-da-far-underskoterskan-sofie-kortad-arbetstid/;https://media.arto.se/app/uploads/sites/10/2023/11/sala-wp.png?auto=format&crop=faces&facepad=10&fit=crop&q=50&w=1800&h=1012;2023-11-27
Han fixade arbetskläder till sin skola;arbetskläder;arbetskläder;Stockholm;59.3293;18.5;https://ka.se/2023/11/29/skyddsombudet-mohamed-fixade-arbetsklader-till-sin-skola/;https://media.arto.se/app/uploads/sites/10/2023/11/snosite-2.png?auto=format&crop=faces&facepad=10&fit=crop&q=50&w=1800&h=1012;2023-11-29
Här fortsätter hemtjänsten med kortad arbetsvecka – sjukfrånvaron minskade;arbetstid;arbetstid;Vaggeryd;57.4091;14.1106;https://ka.se/2023/12/19/har-fortsatter-hemtjansten-med-kortad-arbetsvecka-sjukfranvaron-minskade/;https://media.arto.se/app/uploads/sites/10/2023/12/arbetsstidsajt.png?auto=format&crop=faces&facepad=10&fit=crop&q=50&w=1800&h=1012;2023-12-19
Hon blev specialistbarnskötare – fick tusen kronor mer;utbildning;utbildning;Eskilstuna;59.3666;16.507;https://ka.se/2024/01/16/hon-blev-specialistbarnskotare-fick-tusen-kronor-mer/;https://media.arto.se/app/uploads/sites/10/2024/01/specialist-sajt.png?auto=format&crop=faces&facepad=10&fit=crop&q=50&w=1800&h=1012;2024-01-16
Medlemmar i Kommunal gick miste om löneökning – får fyra miljoner efter facklig förhandling;lön;lön;Trelleborg;55.3753;13.1569;https://ka.se/2024/01/18/medlemmar-i-kommunal-gick-miste-om-loneokning-far-fyra-miljoner-efter-facklig-forhandling/;https://media.arto.se/app/uploads/sites/10/2024/01/bertil-ericson-scanpix-kod-10100.jpeg?auto=format&crop=faces&facepad=10&fit=crop&q=50&w=1800&h=1012;2024-01-18
Skyddsombudet Linda fixade arbetskläder och vinterskor till 400 anställda;arbetskläder;arbetskläder;Kumla;59.1258;15.143;https://ka.se/2024/01/22/skyddsombudet-linda-fixade-arbetsklader-och-vinterskor-till-400-anstallda/;https://media.arto.se/app/uploads/sites/10/2024/01/ny-sajt.png?auto=format&crop=faces&facepad=10&fit=crop&q=50&w=1800&h=1012;2024-01-22
Personalen tog över boendet och införde 6 timmars arbetsdag;arbetstid;arbetstid;Ytterhogdal;62.175;14.94114;https://ka.se/2024/02/07/personalen-fick-sex-timmars-arbetsdag-nar-de-tog-over-boendet-hinner-ha-fritid/;https://media.arto.se/app/uploads/sites/10/2024/02/6timmar-sajt.png?auto=format&crop=faces&facepad=10&fit=crop&q=50&w=1800&h=1012;2024-02-07
Efter miljonboten – nu styr hemtjänstpersonalen själva över schemat;minutstyrning;minutstyrning;Göteborg;57.6;11.5;https://ka.se/2024/04/02/efter-miljonboten-nu-styr-hemtjanstpersonalen-sjalva-over-schemat/;https://media.arto.se/app/uploads/sites/10/2024/03/hemtjansten.jpeg?auto=format&crop=faces&facepad=10&fit=crop&q=50&w=1800&h=1012;2024-04-02
Så fick de bort alla delade turer;arbetstid;schema;Sundsvall;62.3885;17.3067;https://ka.se/2024/02/27/sa-fick-de-bort-alla-delade-turer-i-sundsvall/;https://media.arto.se/app/uploads/sites/10/2022/11/shutterstock-482413714-2.jpg?auto=format&crop=faces&facepad=10&fit=crop&q=50&w=1800&h=1012;2024-02-27
När minutstyrningen försvann räckte tiden till både jobb och fritid;minutstyrning;minutstyrning;Uppsala;60;17.4422;https://ka.se/2024/05/06/nar-minutstyrningen-forsvann-rackte-tiden-till-bade-jobb-och-fritid-tanker-inte-pa-vad-klockan-ar/;https://media.arto.se/app/uploads/sites/10/2024/05/hemvarden-minutstyrning-10.jpg?auto=format&crop=faces&facepad=10&fit=crop&q=50&w=1800&h=1012;2024-05-06
Kortare ramtider för bussförare i Göteborg – hoppas locka fler till yrket;arbetstid;arbetstid;Göteborg;57.7854;11.94;https://ka.se/2024/05/03/kortare-ramtider-for-bussforare-i-goteborg-hoppas-locka-fler-till-yrket/;https://media.arto.se/app/uploads/sites/10/2024/05/buss.jpeg?auto=format&crop=faces&facepad=10&fit=crop&q=50&w=1800&h=1012;2024-05-03
Personalen fick lägga egna scheman – då upphörde kritiken mot dygnsvilan;dygnsvila ;dygnsvila;Kristinehamn;59.3114;14.1239;https://ka.se/2024/04/09/personalen-fick-lagga-egna-scheman-da-upphorde-kritiken-mot-dygnsvilan/;https://media.arto.se/app/uploads/sites/10/2024/04/kristinehamn5-s.jpg?auto=format&crop=faces&facepad=10&fit=crop&q=50&w=2000&h=1125;2024-04-09
De slapp chefer som bossar – och blev friskare på köpet;arbetsvillkor;arbetsvillkor;Karlskoga;59.3699;14.4224;https://ka.se/2024/08/12/de-slapp-chefer-som-bossar-och-blev-friskare-pa-kopet/;https://media.arto.se/app/uploads/sites/10/2024/07/karlskoga2s.jpg?auto=format&crop=faces&facepad=10&fit=crop&q=50&w=2000&h=1125;2024-08-12
”Stulet” schema gör succé på äldreboende i Gällivare – Susanne orkar mer nu;arbetstid;arbetstid;Gällivare;67.13894;20.6639;https://ka.se/2024/08/06/stulet-schema-gor-succe-pa-aldreboende-i-gallivare-susanne-orkar-mer-nu/;https://media.arto.se/app/uploads/sites/10/2024/08/scheman-susanne.jpg?auto=format&crop=faces&facepad=10&fit=crop&q=50&w=1800&h=1012;2024-08-06
Undersköterskan Therésè  får kortare arbetstid med full lön;arbetstid;arbetstidsförkortning;Skövde;58.3928;13.8337;https://ka.se/2024/08/01/underskoterskan-therese-far-kortare-arbetstid-med-full-lon/;https://media.arto.se/app/uploads/sites/10/2024/07/therese-4.jpg?auto=format&crop=faces&facepad=10&fit=crop&q=50&w=1800&h=1012;2024-08-01
Tinnitus var arbetsskada – nu får barnskötaren Monica öronproppar av jobbet;arbetsvillkor;arbetsvillkor;Göteborg;57.45;11.8;https://ka.se/2024/07/17/tinnitus-var-arbetsskada-nu-far-barnskotaren-monica-oronproppar-av-jobbet/;https://media.arto.se/app/uploads/sites/10/2024/05/tinnitus-webbild.png?auto=format&crop=faces&facepad=10&fit=crop&q=50&w=1800&h=1012;2024-07-17
Kommunens nya metod – undersköterskan Michael rekryterar sommarens vikarier;arbetsvillkor;bemanning;Bollnäs;61.3513;16.3863;https://ka.se/2024/07/04/kommunens-nya-metod-underskoterskan-michael-rekryterar-sommarens-vikarier/;https://media.arto.se/app/uploads/sites/10/2024/07/sommarvikarie.png?auto=format&crop=faces&facepad=10&fit=crop&q=50&w=1800&h=1012;2024-07-04
Linda dumpade hundra skor vid kommunhuset – nu får de betalda arbetsskor;arbetskläder;arbetsskor;Vindeln;64.2006;19.7215;https://ka.se/2024/07/01/linda-dumpade-hundra-skor-vid-kommunhuset-nu-far-de-betalda-arbetsskor/;https://media.arto.se/app/uploads/sites/10/2024/06/vindeln.png?auto=format&crop=faces&facepad=10&fit=crop&q=50&w=1800&h=1012;2024-07-01
Över 80 000 undersköterskor har fått skyddad yrkestitel – Pernilla höjde lönen med yrkesbeviset;utbildning;yrkesbevis;Västerås;59.6153;16.5433;https://ka.se/2024/06/28/over-80-000-underskoterskor-har-fatt-skyddad-yrkestitel-pernilla-hojde-lonen-med-yrkesbeviset/;https://media.arto.se/app/uploads/sites/10/2024/06/pernilla.png?auto=format&crop=faces&facepad=10&fit=crop&q=50&w=1800&h=1012;2024-06-28
Här tas delade turer bort: ”Det har varit ganska tufft” ;arbetstid;schema;Hallsberg;59;15.0961;https://ka.se/2024/06/20/har-tas-delade-turer-bort-det-har-varit-ganska-tufft/;https://media.arto.se/app/uploads/sites/10/2024/06/rullator.jpg?auto=format&crop=faces&facepad=10&fit=crop&q=50&w=1800&h=1012;2024-06-20
Gratis arbetsskor till tusentals vårdanställda i Region Sörmland ;arbetskläder;arbetsskor;Sörmland;58.7736;17.05867;https://ka.se/2024/06/14/gratis-arbetsskor-till-tusentals-vardanstallda-i-region-sormland/;https://media.arto.se/app/uploads/sites/10/2024/06/skor.png?auto=format&crop=faces&facepad=10&fit=crop&q=50&w=1800&h=1012;2024-06-14
Succé för helgtjänster i äldreomsorgen i Laholm – utökas till LSS;arbetstid;schema;Laholm;56.5034;13.0423;https://ka.se/2024/06/13/succe-for-helgtjanster-i-aldreomsorgen-i-laholm-utokas-till-lss/;https://media.arto.se/app/uploads/sites/10/2024/06/laholm-skafrilaggas.jpg?auto=format&crop=faces&facepad=10&fit=crop&q=50&w=1800&h=1012;2024-06-13
Undersköterskan Maria jobbar 85 procent men får full lön;arbetstid;arbetstidsförkortning;Hudiksvall;61.729;17.1036;https://ka.se/2024/09/03/underskoterskan-maria-jobbar-85-procent-men-far-full-lon-vi-orkar-till-pensionen/;https://media.arto.se/app/uploads/sites/10/2024/09/hudik-1.jpg?auto=format&crop=faces&facepad=10&fit=crop&q=50&w=1800&h=1012;2024-09-03
Titti orkar jobba heltid – tack vare kortad arbetstid;arbetstid;arbetstidsförkortning;Orust;58.1736;11.629;https://ka.se/2024/09/09/fotskadade-underskoterskan-titti-klarar-heltid-tack-vare-kortare-arbetstid/;https://media.arto.se/app/uploads/sites/10/2024/09/e4a1178.jpg?auto=format&crop=faces&facepad=10&fit=crop&q=50&w=1800&h=1012;2024-09-09
Kortaste arbetstiden i landet finns i Karlsborg – Ann-Sofi jobbar 30 timmar i veckan;arbetstid;arbetstidsförkortning;Karlsborg;58.465;14.5077;https://ka.se/2024/09/10/ann-sofie-bytte-ob-ersattning-mot-kortare-arbetstid-aterhamtningen-ar-viktigare-an-pengarna/;https://media.arto.se/app/uploads/sites/10/2024/09/ann-sofie-10.jpg?auto=format&crop=faces&facepad=10&fit=crop&q=50&w=1800&h=1012;2024-09-10
Skyddsombudet Theresia slog larm om många sjuka elever – skola drabbad av svartmögel;arbetsvillkor;arbetsmiljö;Arvika;59.6553;12.5852;https://ka.se/2024/09/18/skyddsombudet-theresia-slog-larm-om-manga-sjuka-elever-skola-drabbat-av-mogel/;https://media.arto.se/app/uploads/sites/10/2024/09/mogel-sajt.png?auto=format&crop=faces&facepad=10&fit=crop&q=50&w=1800&h=1012;2024-09-18
Förskolepersonalen i Eda får arbetskläder som är anpassade till vädret;arbetskläder;arbetskläder;Eda;59.9315;12.2997;https://ka.se/2024/09/19/forskolepersonalen-i-eda-far-arbetsklader-som-ar-anpassade-till-vadret/;https://media.arto.se/app/uploads/sites/10/2023/01/ka-forskolasjoboarbetsklader-ub.jpg?auto=format&crop=faces&facepad=10&fit=crop&q=50&w=1800&h=1012;2024-09-19
Undersköterskan Zaklina blev av med delade turer efter 11 år;arbetstid;schema;Skänninge;58.3925;15.0862;https://ka.se/2024/09/19/underskoterskan-zaklina-blev-av-med-delade-turer-efter-11-ar-det-ar-underbart/;https://media.arto.se/app/uploads/sites/10/2024/09/sajten-1.png?auto=format&crop=faces&facepad=10&fit=crop&q=50&w=1800&h=1012;2024-09-19
Här får undersköterskorna betalt för att vila;arbetstid;arbetstidsförkortning;Norrköping;58.5942;16.1826;https://ka.se/2024/09/30/har-far-underskoterskorna-betalt-for-att-vila-sjukhus-kunde-utfora-fler-operationer/;https://media.arto.se/app/uploads/sites/10/2024/09/vrinnevisjuhuset-6.jpg?auto=format&crop=faces&facepad=10&fit=crop&q=50&w=1800&h=1012;2024-09-30
Kommunalare slipper anmäla papperslösa: ”Inte vårt jobb att vara gränspoliser”;arbetsvillkor;arbetsvillkor;Sverige;61.71735;18;https://ka.se/2024/11/26/kommunalare-slipper-anmala-papperslosa-inte-vart-jobb-att-vara-granspoliser/;https://media.arto.se/app/uploads/sites/10/2024/11/ny.png?auto=format&crop=faces&facepad=10&fit=crop&q=50&w=1800&h=1012;2024-11-26
Efter KA:s granskning: Här ska lönerna öka för de som tjänar minst;lön;lön;Olofström;56.2718;14.5289;https://ka.se/2024/11/25/efter-kas-granskning-har-ska-lonerna-oka-for-de-som-tjanar-minst/;https://media.arto.se/app/uploads/sites/10/2024/11/hampusolofsson-sajt.jpeg?auto=format&crop=faces&facepad=10&fit=crop&q=50&w=1800&h=1012;2024-11-25
Marie och kollegorna får fortsätta med kortare arbetstid: ”Roligt att gå till jobbet”;arbetstid;arbetstidsförkortning;Borgholm;56.8752;16.6655;https://ka.se/2024/10/09/marie-och-kollegorna-kan-fa-fortsatta-med-kortare-arbetstid-roligt-att-ga-till-jobbet/;https://media.arto.se/app/uploads/sites/10/2024/10/borgholm.png?auto=format&crop=faces&facepad=10&fit=crop&q=50&w=1800&h=1012;2024-10-09
”Vi ska inte förstöra våra kroppar” – hundratals undersköterskor får kortad arbetstid;arbetstid;arbetstidsförkortning;Region Stockholm;59.2094;18.0564;https://ka.se/2024/10/25/vi-ska-inte-forstora-vara-kroppar-hundratals-underskoterskor-far-kortad-arbetstid/;https://media.arto.se/app/uploads/sites/10/2024/10/joar.png?auto=format&crop=faces&facepad=10&fit=crop&q=50&w=1800&h=1012;2024-10-25
Pajala dubblar ob-ersättningen i äldreomsorgen;lön;ob;Pajala;67.2149;23.3662;https://ka.se/2024/10/29/pajala-dubblar-ob-ersattningen-i-aldreomsorgen/;https://media.arto.se/app/uploads/sites/10/2024/10/pajala-anna-karindrugge.jpg?auto=format&crop=faces&facepad=10&fit=crop&q=50&w=1800&h=1012;2024-10-29
Skyddsombudet Louise motarbetades av chefen – får 30 000 kronor i skadestånd;arbetsvillkor;förtroendevald;Vänersborg;58.359;12.337;https://ka.se/2024/11/18/skyddsombudet-louise-motarbetades-av-chefen-far-30-000-kronor-i-skadestand/;https://media.arto.se/app/uploads/sites/10/2024/11/louise-skyddsombud.jpg?auto=format&crop=faces&facepad=10&fit=crop&q=50&w=1800&h=1012;2024-11-18
De ska jobba sex timmar – och få betalt för åtta: ”Jag kommer få mer tid för mina barn”;arbetstid;arbetstidsförkortning;Västerås;59.604;16.5305;https://ka.se/2024/12/04/de-ska-jobba-sex-timmar-och-fa-betalt-for-atta-jag-kommer-fa-mer-tid-for-mina-barn/;https://media.arto.se/app/uploads/sites/10/2024/12/hamideh3.jpg?auto=format&crop=faces&facepad=10&fit=crop&q=50&w=1800&h=1012;2024-12-04
Efter personalens protester – nya scheman med fler helger slopas;arbetstid;schema;Nordmaling;63.5719;19.4874;https://ka.se/2024/12/10/efter-personalens-protester-nya-scheman-med-fler-helger-slopas/;https://media.arto.se/app/uploads/sites/10/2024/12/schema-hemtjanst.jpg?auto=format&crop=faces&facepad=10&fit=crop&q=50&w=1800&h=1012;2024-12-10
Efter kritiken – nu slipper personalen hoppa runt: ”Aldrig varit så här pressat innan”;arbetsvillkor;bemanning;Linköping;58.4255;15.5919;https://ka.se/2024/12/23/efter-kritiken-nu-slipper-personalen-hoppa-runt-aldrig-varit-sa-har-pressat-innan/;https://media.arto.se/app/uploads/sites/10/2024/12/sajt.png?auto=format&crop=faces&facepad=10&fit=crop&q=50&w=1800&h=1012;2024-12-23
Efter Jennies kamp – nu får fritidspersonalen varma kläder;arbetskläder;arbetskläder;Kungälv;57.8711;11.9458;https://ka.se/2024/12/27/efter-jennies-kamp-nu-far-fritidspersonalen-varma-klader/;https://media.arto.se/app/uploads/sites/10/2024/12/vinter.png?auto=format&crop=faces&facepad=10&fit=crop&q=50&w=1800&h=1012;2024-12-27
Protesterna lönade sig – nu försvinner de hatade semesterperioderna: ”Vi gav aldrig upp”;arbetstid;arbetstid;Hallstahammar;59.6184;16.2261;https://ka.se/2025/01/02/protesterna-lonade-sig-nu-forsvinner-de-hatade-semesterperioderna-vi-gav-aldrig-upp/;https://media.arto.se/app/uploads/sites/10/2024/12/anna-gadeborg.jpg?auto=format&crop=faces&facepad=10&fit=crop&q=50&w=1800&h=1012;2025-01-02
Här får barnskötarna flexa och fem timmar planeringstid: ”Ger mer frihet” ;arbetsvillkor;arbetsvillkor;Skara;58.39;13.4017;https://ka.se/2025/01/10/har-far-barnskotarna-flexa-och-fem-timmar-planeringstid-ger-mer-frihet/;https://media.arto.se/app/uploads/sites/10/2025/01/t8a7843.jpg?auto=format&crop=faces&facepad=10&fit=crop&q=50&w=1800&h=1012;2025-01-10
Emelies seger: Nu har alla rätt till arbetskläder som passar – oavsett storlek;arbetskläder;arbetskläder;Mönsterås;57.0443;16.4431;https://ka.se/2025/01/16/emelies-seger-nu-har-alla-ratt-till-arbetsklader-som-passar-oavsett-storlek/;https://media.arto.se/app/uploads/sites/10/2025/01/em.png?auto=format&crop=faces&facepad=10&fit=crop&q=50&w=1800&h=1012;2025-01-16
Tony fixade broddar till kollegorna: ”Det är svinhalt ute”;arbetskläder;arbetsskor;Stockholm;59.3293;18.1;https://ka.se/2025/01/22/tony-fixade-broddar-till-kollegorna-det-ar-svinhalt-ute/;https://media.arto.se/app/uploads/sites/10/2025/01/broddarna.png?auto=format&crop=faces&facepad=10&fit=crop&q=50&w=1800&h=1012;2025-01-22
Efter 400 larm fick personalen ökad bemanning: ”Cheferna var osynliga”;arbetsvillkor;bemanning;Skara;58.3901;13.2;https://ka.se/2025/01/23/efter-400-larm-fick-personalen-okad-bemanning-cheferna-var-osynliga/;https://media.arto.se/app/uploads/sites/10/2025/01/usk.jpg?auto=format&crop=faces&facepad=10&fit=crop&q=50&w=1800&h=1012;2025-01-23
Efter KA:s lönegranskning – nu ska städarlönerna i Åre utredas: ”Vi är längst ner i näringskedjan”;lön;lön;Åre;63.4036;13.0649;https://ka.se/2025/02/13/efter-kas-lonegranskning-nu-ska-stadarlonerna-i-are-utredas-vi-ar-langst-ner-i-naringskedjan/;https://media.arto.se/app/uploads/sites/10/2025/02/etta-1.png?auto=format&crop=faces&facepad=10&fit=crop&q=50&w=1800&h=1012;2025-02-13
Uppsagd barnskötare får en halv miljon för ”lång och trogen tjänst”;lön;lön;Gävle;60.6778;17.168;https://arbetet.se/2025/03/12/uppsagd-barnskotare-far-en-halv-miljon-for-lang-och-trogen-tjanst/;https://media.arto.se/app/uploads/sites/10/2021/10/shutterstock-641733220.jpg?auto=format&crop=faces&facepad=10&fit=crop&q=50&w=1800&h=1012;2025-03-12
Sjukskrivna Nicole fick sin anställning raderad – facket räddade hennes sjukpenning;lön;lön;Göteborg;57.8;11.55;https://arbetet.se/2025/04/01/sjukskrivna-nicole-fick-sin-anstallning-raderad-facket-raddade-hennes-sjukpenning/;https://media.arto.se/app/uploads/sites/10/2025/03/31112111/fk-nicole.jpg?auto=format&crop=faces&facepad=10&fit=crop&q=50&w=1800&h=1012;2025-04-01
Här jobbar hemtjänsten med minutschema – men utan stress;minutstyrning;minutstyrning;Ulricehamn;57.792;13.4196;https://arbetet.se/2025/04/30/har-jobbar-hemtjansten-med-minutschema-men-utan-stress/;https://media.arto.se/app/uploads/sites/10/2025/04/29102646/u-hamn-2653.jpg?auto=format&crop=faces&facepad=10&fit=crop&q=50&w=2000&h=1125;2025-04-30
Simon stoppade våldsam arbetsmiljö – hyllas som facklig hjälte;arbetsvillkor;arbetsmiljö;Malmö;55.6044;13.4;https://arbetet.se/2025/03/20/lss-personalens-nya-satt-att-stoppa-valdet-lattare-att-saga-nej/;https://media.arto.se/app/uploads/sites/10/2025/03/21131622/simon.png?auto=format&crop=faces&facepad=10&fit=crop&q=50&w=1800&h=1012;2025-03-20
Tusen kronor mer i lön för vikarier i Mönsterås;lön;lön;Mönsterås;57.04;16.442;https://arbetet.se/2025/06/19/tusen-kronor-mer-i-lon-for-vikarier-i-monsteras/;https://media.arto.se/app/uploads/sites/10/2025/06/18162547/pengarlon.jpg?auto=format&crop=faces&facepad=10&fit=crop&q=50&w=1800&h=1012;2025-06-19
Nio timmar kortare arbetsvecka ska rädda hemtjänsten;arbetstid;arbetstidsförkortning;Arvika;59.6502;12.1793;https://arbetet.se/2025/06/23/nio-timmar-kortare-arbetsvecka-ska-radda-hemtjansten-kan-orka-till-pensionen/;https://media.arto.se/app/uploads/sites/10/2025/06/23101821/28-klar.jpg?auto=format&crop=faces&facepad=10&fit=crop&q=50&w=1800&h=1012;2025-06-23
Barnskötare i Norrköping får extra löneökningar;lön;lön;Norrköping;58.572;15.9316;https://arbetet.se/2025/06/18/barnskotare-i-norrkoping-far-extra-loneokningar/;https://media.arto.se/app/uploads/sites/10/2025/06/11144022/malin-kungshammar-3.jpg?auto=format&crop=faces&facepad=10&fit=crop&q=50&w=1800&h=1200;2025-06-18
Piteå satsar på gratis kaffe och trivselpeng;arbetsvillkor;arbetsmiljö;Piteå;65.321;21.4567;https://arbetet.se/2025/06/26/pitea-satsar-pa-gratis-kaffe-och-trivselpeng/;https://media.arto.se/app/uploads/sites/10/2023/12/fredrik-sandberg-tt.jpeg?auto=format&crop=faces&facepad=10&fit=crop&q=50&w=1800&h=1012;2025-06-26
Så fick de politikerna att lyssna – och höja lönen;lön;lön;Olofström;56.288;14.709;https://arbetet.se/2025/07/10/sa-fick-de-politikerna-att-lyssna-och-hoja-underskoterskornas-loner/;https://media.arto.se/app/uploads/sites/10/2025/07/09100203/anette-modin.jpg?auto=format&crop=faces&facepad=10&fit=crop&q=50&w=1800&h=1012;2025-07-10
Efter Inas larm – nu sätts kommunens chefer i skolbänken;arbetsvillkor;arbetsmiljö;Sundsvall;62.508;17.583;https://arbetet.se/2025/07/16/efter-inas-larm-nu-satts-kommunens-chefer-i-skolbanken/;https://media.arto.se/app/uploads/sites/10/2025/06/09100550/ina.jpg?auto=format&crop=faces&facepad=10&fit=crop&q=50&w=1800&h=1012;2025-07-16
Efter lång kamp får stödassistenter arbetsskor;arbetskläder;arbetsskor;Göteborg;57.70143;12.1030;https://arbetet.se/2025/09/04/efter-lang-kamp-far-stodassistenter-arbetsskor/;https://media.arto.se/app/uploads/sites/10/2025/09/04091311/1000007014.jpg?auto=format&crop=faces&facepad=10&fit=crop&q=50&w=1800&h=1012;2025-09-04
Högsby lönesatsar på undersköterskor – och chefer;lön;lön;Högsby;57.1676;16.0194;https://arbetet.se/2025/08/28/hogsby-lonesatsar-pa-underskoterskor-och-chefer/;https://media.arto.se/app/uploads/sites/10/2025/08/27141733/kaiza-beskuren.jpg?auto=format&crop=faces&facepad=10&fit=crop&q=50&w=1800&h=1012;2025-08-28
Här får barnskötarna vaccin på jobbet;arbetsvillkor;arbetsvillkor;Göteborg;57.6351;11.9238;https://arbetet.se/2025/08/25/har-far-barnskotarna-vaccin-pa-jobbet/;https://media.arto.se/app/uploads/sites/10/2025/08/21135115/vaccinwinnie.jpg?auto=format&crop=faces&facepad=10&fit=crop&q=50&w=1800&h=1012;2025-08-25
Välfärdspersonal i Sundbyberg får arbetsskor: ”Hjälper mycket ekonomiskt” ;arbetskläder;arbetsskor;Sundbyberg;59.361;17.7;https://arbetet.se/2025/10/02/valfardspersonal-i-sundbyberg-far-arbetsskor-hjalper-mycket-ekonomiskt/;https://media.arto.se/app/uploads/sites/10/2025/10/01214632/arbrtsskor-delad.png?auto=format&crop=faces&facepad=10&fit=crop&q=50&w=1800&h=1012;2025-10-02
”Det lönar sig att bråka” – bussförarna vann kampen om gatstenarna;arbetsvillkor;arbetsmiljö;Norrköping;58.3;16.1826;https://arbetet.se/2025/11/05/det-lonar-sig-att-braka-bussforarna-vann-kampen-om-gatstenarna/;https://media.arto.se/app/uploads/sites/10/2025/10/04135943/bild-5.jpg?auto=format&crop=faces&facepad=10&fit=crop&q=50&w=1800&h=1012;2025-11-05
Fler får kortare arbetstid i Göteborgs förskolor: ”Jättetufft med stora barngrupper”;arbetstid;arbetstidsförkortning;Göteborg;57.6;11.5;https://arbetet.se/2025/10/20/fler-far-kortare-arbetstid-i-goteborgs-forskolor-jattetufft-med-stora…;https://media.arto.se/app/uploads/sites/10/2025/10/20134856/forskola-arbetstid.jpg?auto=format&crop=faces&facepad=10&fit=crop&q=50&w=1800&h=1012;2025-10-20
S backar – drar tillbaka uppsägningen av alla barnskötare: ”Stolt över engagemanget”;arbetsvillkor;arbetsvillkor;Hammarö;59.330;13.5006;https://arbetet.se/2025/10/17/s-backar-drar-tillbaka-uppsagningen-av-alla-barnskotare-stolt-over-en…;https://media.arto.se/app/uploads/sites/10/2025/10/17105836/karn-2.jpg?auto=format&crop=faces&facepad=10&fit=crop&q=50&w=1800&h=1012;2025-10-17
Efter 20 års kamp – bussförare får kortare arbetsdag;arbetstid;arbetstid;Sverige;61.71735;18.5;https://arbetet.se/2025/10/15/bussforare-far-kortad-arbetsdag-avtal-klart/;https://media.arto.se/app/uploads/sites/10/2025/10/15154627/mm.jpg?auto=format&crop=faces&facepad=10&fit=crop&q=50&w=1800&h=1012;2025-10-15
Vårdanställda i Stockholm får arbetsskor: ”Jätteviktigt”;arbetskläder;arbetsskor;Stockholm;59.3293;18.9;https://arbetet.se/2025/10/07/45-000-vardanstallda-i-stockholm-far-skor-jatteviktigt/;https://media.arto.se/app/uploads/sites/10/2025/10/07141842/catharina.jpg?auto=format&crop=faces&facepad=10&fit=crop&q=50&w=1800&h=1012;2025-10-07
Facklig seger i Örebro: Kommunen drar tillbaka kritiserade scheman;arbetstid;schema;Örebro;59.283;15.3;https://arbetet.se/2025/10/06/facklig-seger-i-orebro-kommunen-drar-tillbaka-kritiserade-scheman/;https://media.arto.se/app/uploads/sites/10/2025/10/03105831/balaj-3-e8d399d0-0700-4245-8909-e85f629b0384-2.jpg?auto=format&crop=faces&facepad=10&fit=crop&q=50&w=400&h=500;2025-10-06